--
-- PostgreSQL database dump
--

-- Dumped from database version 17.2 (Debian 17.2-1.pgdg120+1)
-- Dumped by pg_dump version 17.2 (Debian 17.2-1.pgdg120+1)

SET statement_timeout = 0;
SET lock_timeout = 0;
SET idle_in_transaction_session_timeout = 0;
SET transaction_timeout = 0;
SET client_encoding = 'UTF8';
SET standard_conforming_strings = on;
SELECT pg_catalog.set_config('search_path', '', false);
SET check_function_bodies = false;
SET xmloption = content;
SET client_min_messages = warning;
SET row_security = off;

--
-- Name: gender; Type: TYPE; Schema: public; Owner: -
--

CREATE TYPE public.gender AS ENUM (
    'FEMALE',
    'MALE',
    'OTHER'
);


--
-- Name: userstatus; Type: TYPE; Schema: public; Owner: -
--

CREATE TYPE public.userstatus AS ENUM (
    'ACTIVE',
    'INACTIVE',
    'NONE'
);


--
-- Name: usertype; Type: TYPE; Schema: public; Owner: -
--

CREATE TYPE public.usertype AS ENUM (
    'SYSADMIN',
    'USER'
);


SET default_tablespace = '';

SET default_table_access_method = heap;

--
-- Name: tbl_group; Type: TABLE; Schema: public; Owner: -
--

CREATE TABLE public.tbl_group (
    id integer NOT NULL,
    role_id integer,
    created_at timestamp(6) without time zone,
    updated_at timestamp(6) without time zone,
    description character varying(255),
    name character varying(255)
);


--
-- Name: tbl_group_has_user; Type: TABLE; Schema: public; Owner: -
--

CREATE TABLE public.tbl_group_has_user (
    group_id integer,
    id integer NOT NULL,
    created_at timestamp(6) without time zone,
    updated_at timestamp(6) without time zone,
    user_id bigint
);


--
-- Name: tbl_group_has_user_id_seq; Type: SEQUENCE; Schema: public; Owner: -
--

ALTER TABLE public.tbl_group_has_user ALTER COLUMN id ADD GENERATED BY DEFAULT AS IDENTITY (
    SEQUENCE NAME public.tbl_group_has_user_id_seq
    START WITH 1
    INCREMENT BY 1
    NO MINVALUE
    NO MAXVALUE
    CACHE 1
);


--
-- Name: tbl_group_id_seq; Type: SEQUENCE; Schema: public; Owner: -
--

ALTER TABLE public.tbl_group ALTER COLUMN id ADD GENERATED BY DEFAULT AS IDENTITY (
    SEQUENCE NAME public.tbl_group_id_seq
    START WITH 1
    INCREMENT BY 1
    NO MINVALUE
    NO MAXVALUE
    CACHE 1
);


--
-- Name: tbl_permission; Type: TABLE; Schema: public; Owner: -
--

CREATE TABLE public.tbl_permission (
    id integer NOT NULL,
    created_at timestamp(6) without time zone,
    updated_at timestamp(6) without time zone,
    category character varying(255),
    description character varying(255),
    path character varying(255)
);


--
-- Name: tbl_permission_id_seq; Type: SEQUENCE; Schema: public; Owner: -
--

ALTER TABLE public.tbl_permission ALTER COLUMN id ADD GENERATED BY DEFAULT AS IDENTITY (
    SEQUENCE NAME public.tbl_permission_id_seq
    START WITH 1
    INCREMENT BY 1
    NO MINVALUE
    NO MAXVALUE
    CACHE 1
);


--
-- Name: tbl_role; Type: TABLE; Schema: public; Owner: -
--

CREATE TABLE public.tbl_role (
    id integer NOT NULL,
    created_at timestamp(6) without time zone,
    updated_at timestamp(6) without time zone,
    description character varying(255),
    name character varying(255)
);


--
-- Name: tbl_role_has_permission; Type: TABLE; Schema: public; Owner: -
--

CREATE TABLE public.tbl_role_has_permission (
    id integer NOT NULL,
    permission_id integer,
    role_id integer,
    created_at timestamp(6) without time zone,
    updated_at timestamp(6) without time zone
);


--
-- Name: tbl_role_has_permission_id_seq; Type: SEQUENCE; Schema: public; Owner: -
--

ALTER TABLE public.tbl_role_has_permission ALTER COLUMN id ADD GENERATED BY DEFAULT AS IDENTITY (
    SEQUENCE NAME public.tbl_role_has_permission_id_seq
    START WITH 1
    INCREMENT BY 1
    NO MINVALUE
    NO MAXVALUE
    CACHE 1
);


--
-- Name: tbl_role_id_seq; Type: SEQUENCE; Schema: public; Owner: -
--

ALTER TABLE public.tbl_role ALTER COLUMN id ADD GENERATED BY DEFAULT AS IDENTITY (
    SEQUENCE NAME public.tbl_role_id_seq
    START WITH 1
    INCREMENT BY 1
    NO MINVALUE
    NO MAXVALUE
    CACHE 1
);


--
-- Name: tbl_user; Type: TABLE; Schema: public; Owner: -
--

CREATE TABLE public.tbl_user (
    dob date,
    created_at timestamp(6) without time zone,
    id bigint NOT NULL,
    updated_at timestamp(6) without time zone,
    phone character varying(15),
    address character varying(255),
    avatar character varying(255),
    email character varying(255),
    name character varying(255),
    password character varying(255),
    username character varying(255) NOT NULL,
    gender public.gender,
    status public.userstatus,
    type public.usertype
);


--
-- Name: tbl_user_has_role; Type: TABLE; Schema: public; Owner: -
--

CREATE TABLE public.tbl_user_has_role (
    id integer NOT NULL,
    role_id integer,
    created_at timestamp(6) without time zone,
    updated_at timestamp(6) without time zone,
    user_id bigint
);


--
-- Name: tbl_user_has_role_id_seq; Type: SEQUENCE; Schema: public; Owner: -
--

ALTER TABLE public.tbl_user_has_role ALTER COLUMN id ADD GENERATED BY DEFAULT AS IDENTITY (
    SEQUENCE NAME public.tbl_user_has_role_id_seq
    START WITH 1
    INCREMENT BY 1
    NO MINVALUE
    NO MAXVALUE
    CACHE 1
);


--
-- Name: tbl_user_id_seq; Type: SEQUENCE; Schema: public; Owner: -
--

ALTER TABLE public.tbl_user ALTER COLUMN id ADD GENERATED BY DEFAULT AS IDENTITY (
    SEQUENCE NAME public.tbl_user_id_seq
    START WITH 1
    INCREMENT BY 1
    NO MINVALUE
    NO MAXVALUE
    CACHE 1
);


--
-- Data for Name: tbl_group; Type: TABLE DATA; Schema: public; Owner: -
--



--
-- Data for Name: tbl_group_has_user; Type: TABLE DATA; Schema: public; Owner: -
--



--
-- Data for Name: tbl_permission; Type: TABLE DATA; Schema: public; Owner: -
--

INSERT INTO public.tbl_permission (id, created_at, updated_at, category, description, path) VALUES (1, NULL, NULL, '/user', NULL, '/user/list');
INSERT INTO public.tbl_permission (id, created_at, updated_at, category, description, path) VALUES (2, NULL, NULL, '/user', NULL, '/user/{userId}');
INSERT INTO public.tbl_permission (id, created_at, updated_at, category, description, path) VALUES (3, NULL, NULL, '/user', NULL, '/user/add');
INSERT INTO public.tbl_permission (id, created_at, updated_at, category, description, path) VALUES (4, NULL, NULL, '/user', NULL, '/user/upd');
INSERT INTO public.tbl_permission (id, created_at, updated_at, category, description, path) VALUES (5, NULL, NULL, '/user', NULL, '/user/change-pwd');
INSERT INTO public.tbl_permission (id, created_at, updated_at, category, description, path) VALUES (6, NULL, NULL, '/user', NULL, '/user/confirm-email');
INSERT INTO public.tbl_permission (id, created_at, updated_at, category, description, path) VALUES (7, NULL, NULL, '/user', NULL, '/user/del');
INSERT INTO public.tbl_permission (id, created_at, updated_at, category, description, path) VALUES (9, NULL, NULL, '/user', NULL, '<null>');
INSERT INTO public.tbl_permission (id, created_at, updated_at, category, description, path) VALUES (10, NULL, NULL, '/user', NULL, NULL);
INSERT INTO public.tbl_permission (id, created_at, updated_at, category, description, path) VALUES (11, NULL, NULL, '/user', NULL, NULL);
INSERT INTO public.tbl_permission (id, created_at, updated_at, category, description, path) VALUES (12, NULL, NULL, '/user', NULL, NULL);
INSERT INTO public.tbl_permission (id, created_at, updated_at, category, description, path) VALUES (13, NULL, NULL, '/user', NULL, NULL);
INSERT INTO public.tbl_permission (id, created_at, updated_at, category, description, path) VALUES (14, NULL, NULL, '/user', NULL, NULL);
INSERT INTO public.tbl_permission (id, created_at, updated_at, category, description, path) VALUES (15, NULL, NULL, '/user', NULL, NULL);
INSERT INTO public.tbl_permission (id, created_at, updated_at, category, description, path) VALUES (16, NULL, NULL, '/user', NULL, NULL);
INSERT INTO public.tbl_permission (id, created_at, updated_at, category, description, path) VALUES (17, NULL, NULL, '/email', NULL, '/user/send-email');
INSERT INTO public.tbl_permission (id, created_at, updated_at, category, description, path) VALUES (18, NULL, NULL, '/email', NULL, '/user/send-verification-email');
INSERT INTO public.tbl_permission (id, created_at, updated_at, category, description, path) VALUES (8, NULL, NULL, '/user', NULL, '/user/change-status');


--
-- Data for Name: tbl_role; Type: TABLE DATA; Schema: public; Owner: -
--

INSERT INTO public.tbl_role (id, created_at, updated_at, description, name) VALUES (1, NULL, NULL, NULL, 'SYSADMIN');
INSERT INTO public.tbl_role (id, created_at, updated_at, description, name) VALUES (2, NULL, NULL, NULL, 'PARENT');
INSERT INTO public.tbl_role (id, created_at, updated_at, description, name) VALUES (3, NULL, NULL, NULL, 'TEACHER');
INSERT INTO public.tbl_role (id, created_at, updated_at, description, name) VALUES (4, NULL, NULL, NULL, 'BUS_DRIVER');
INSERT INTO public.tbl_role (id, created_at, updated_at, description, name) VALUES (5, NULL, NULL, NULL, 'ADMIN');
INSERT INTO public.tbl_role (id, created_at, updated_at, description, name) VALUES (6, NULL, NULL, NULL, 'ASSISTANT_DRIVER');


--
-- Data for Name: tbl_role_has_permission; Type: TABLE DATA; Schema: public; Owner: -
--

INSERT INTO public.tbl_role_has_permission (id, permission_id, role_id, created_at, updated_at) VALUES (1, 2, 2, NULL, NULL);
INSERT INTO public.tbl_role_has_permission (id, permission_id, role_id, created_at, updated_at) VALUES (2, 4, 2, NULL, NULL);
INSERT INTO public.tbl_role_has_permission (id, permission_id, role_id, created_at, updated_at) VALUES (3, 5, 2, NULL, NULL);
INSERT INTO public.tbl_role_has_permission (id, permission_id, role_id, created_at, updated_at) VALUES (4, 6, 2, NULL, NULL);
INSERT INTO public.tbl_role_has_permission (id, permission_id, role_id, created_at, updated_at) VALUES (5, 17, 2, NULL, NULL);
INSERT INTO public.tbl_role_has_permission (id, permission_id, role_id, created_at, updated_at) VALUES (6, 18, 2, NULL, NULL);
INSERT INTO public.tbl_role_has_permission (id, permission_id, role_id, created_at, updated_at) VALUES (7, 2, 3, NULL, NULL);
INSERT INTO public.tbl_role_has_permission (id, permission_id, role_id, created_at, updated_at) VALUES (8, 4, 3, NULL, NULL);
INSERT INTO public.tbl_role_has_permission (id, permission_id, role_id, created_at, updated_at) VALUES (9, 5, 3, NULL, NULL);
INSERT INTO public.tbl_role_has_permission (id, permission_id, role_id, created_at, updated_at) VALUES (10, 6, 3, NULL, NULL);
INSERT INTO public.tbl_role_has_permission (id, permission_id, role_id, created_at, updated_at) VALUES (11, 17, 3, NULL, NULL);
INSERT INTO public.tbl_role_has_permission (id, permission_id, role_id, created_at, updated_at) VALUES (12, 18, 3, NULL, NULL);
INSERT INTO public.tbl_role_has_permission (id, permission_id, role_id, created_at, updated_at) VALUES (13, 2, 4, NULL, NULL);
INSERT INTO public.tbl_role_has_permission (id, permission_id, role_id, created_at, updated_at) VALUES (14, 4, 4, NULL, NULL);
INSERT INTO public.tbl_role_has_permission (id, permission_id, role_id, created_at, updated_at) VALUES (15, 5, 4, NULL, NULL);
INSERT INTO public.tbl_role_has_permission (id, permission_id, role_id, created_at, updated_at) VALUES (16, 6, 4, NULL, NULL);
INSERT INTO public.tbl_role_has_permission (id, permission_id, role_id, created_at, updated_at) VALUES (17, 17, 4, NULL, NULL);
INSERT INTO public.tbl_role_has_permission (id, permission_id, role_id, created_at, updated_at) VALUES (18, 18, 4, NULL, NULL);
INSERT INTO public.tbl_role_has_permission (id, permission_id, role_id, created_at, updated_at) VALUES (19, 1, 5, NULL, NULL);
INSERT INTO public.tbl_role_has_permission (id, permission_id, role_id, created_at, updated_at) VALUES (20, 2, 5, NULL, NULL);
INSERT INTO public.tbl_role_has_permission (id, permission_id, role_id, created_at, updated_at) VALUES (21, 3, 5, NULL, NULL);
INSERT INTO public.tbl_role_has_permission (id, permission_id, role_id, created_at, updated_at) VALUES (22, 4, 5, NULL, NULL);
INSERT INTO public.tbl_role_has_permission (id, permission_id, role_id, created_at, updated_at) VALUES (23, 5, 5, NULL, NULL);
INSERT INTO public.tbl_role_has_permission (id, permission_id, role_id, created_at, updated_at) VALUES (24, 6, 5, NULL, NULL);
INSERT INTO public.tbl_role_has_permission (id, permission_id, role_id, created_at, updated_at) VALUES (25, 7, 5, NULL, NULL);
INSERT INTO public.tbl_role_has_permission (id, permission_id, role_id, created_at, updated_at) VALUES (26, 8, 5, NULL, NULL);
INSERT INTO public.tbl_role_has_permission (id, permission_id, role_id, created_at, updated_at) VALUES (27, 17, 5, NULL, NULL);
INSERT INTO public.tbl_role_has_permission (id, permission_id, role_id, created_at, updated_at) VALUES (28, 18, 5, NULL, NULL);
INSERT INTO public.tbl_role_has_permission (id, permission_id, role_id, created_at, updated_at) VALUES (29, 2, 6, NULL, NULL);
INSERT INTO public.tbl_role_has_permission (id, permission_id, role_id, created_at, updated_at) VALUES (30, 4, 6, NULL, NULL);
INSERT INTO public.tbl_role_has_permission (id, permission_id, role_id, created_at, updated_at) VALUES (31, 5, 6, NULL, NULL);
INSERT INTO public.tbl_role_has_permission (id, permission_id, role_id, created_at, updated_at) VALUES (32, 6, 6, NULL, NULL);
INSERT INTO public.tbl_role_has_permission (id, permission_id, role_id, created_at, updated_at) VALUES (33, 17, 6, NULL, NULL);
INSERT INTO public.tbl_role_has_permission (id, permission_id, role_id, created_at, updated_at) VALUES (34, 18, 6, NULL, NULL);


--
-- Data for Name: tbl_user; Type: TABLE DATA; Schema: public; Owner: -
--

INSERT INTO public.tbl_user (dob, created_at, id, updated_at, phone, address, avatar, email, name, password, username, gender, status, type) VALUES ('2000-02-04', '2025-02-15 16:11:34.237', 2, '2025-02-15 16:11:34.237', 'string', NULL, NULL, 'parent@gmail.com', 'parent', '$2a$10$F6UdD9COpdExAtPap4SD8.J7flrWEBQG68437TUTDoC.6E/uYNMju', 'parent', NULL, 'ACTIVE', NULL);
INSERT INTO public.tbl_user (dob, created_at, id, updated_at, phone, address, avatar, email, name, password, username, gender, status, type) VALUES ('2000-02-04', '2025-02-15 16:11:19.907', 1, '2025-02-15 16:11:19.907', 'string', NULL, NULL, 'sysadmin@gmail.com', 'sysadmin', '$2a$10$A0TsI6LQXRTz4sEMm/e3Xeknm03B2vvpbXIvEStrcySXXoPbqqULe', 'sysadmin', NULL, 'ACTIVE', NULL);
INSERT INTO public.tbl_user (dob, created_at, id, updated_at, phone, address, avatar, email, name, password, username, gender, status, type) VALUES ('2000-02-04', '2025-02-15 16:11:46.89', 3, '2025-02-15 16:11:46.89', 'string', NULL, NULL, 'teacher@gmail.com', 'teacher', '$2a$10$Af7ZpDnFCaN/sPX.qWS5FOJNCzt7y/egLHTPyw939Ufh93jMBaKcq', 'teacher', NULL, 'ACTIVE', NULL);
INSERT INTO public.tbl_user (dob, created_at, id, updated_at, phone, address, avatar, email, name, password, username, gender, status, type) VALUES ('2000-02-04', '2025-02-15 16:12:04.71', 4, '2025-02-15 16:12:04.71', 'string', NULL, NULL, 'busdriver@gmail.com', 'busdriver', '$2a$10$tItfoi1dzxgscgUb4yzQ0.kTFwpzG0DHwMyaQEnMqUVHT5mc6UuNy', 'busdriver', NULL, 'ACTIVE', NULL);
INSERT INTO public.tbl_user (dob, created_at, id, updated_at, phone, address, avatar, email, name, password, username, gender, status, type) VALUES ('2000-02-04', '2025-02-15 16:12:41.14', 6, '2025-02-15 16:12:41.14', 'string', NULL, NULL, 'assistantdriver@gmail.com', 'assistantdriver', '$2a$10$oHOl1svYNE17uXm0DqI9EuVZrpBvSZMY9ncIIxInAMb91X6Oo.MVe', 'assistantdriver', NULL, 'ACTIVE', NULL);
INSERT INTO public.tbl_user (dob, created_at, id, updated_at, phone, address, avatar, email, name, password, username, gender, status, type) VALUES ('2000-02-04', '2025-02-15 16:12:17.696', 5, '2025-02-15 16:12:17.696', 'string', NULL, NULL, 'admin@gmail.com', 'admin', '$2a$10$haY87NZT4E5bBwE75BoyT.kSdLnlRLNxjDHNwm6KErBxpWrbaythu', 'admin', NULL, 'ACTIVE', NULL);


--
-- Data for Name: tbl_user_has_role; Type: TABLE DATA; Schema: public; Owner: -
--

INSERT INTO public.tbl_user_has_role (id, role_id, created_at, updated_at, user_id) VALUES (1, 1, NULL, NULL, 1);
INSERT INTO public.tbl_user_has_role (id, role_id, created_at, updated_at, user_id) VALUES (2, 2, NULL, NULL, 2);
INSERT INTO public.tbl_user_has_role (id, role_id, created_at, updated_at, user_id) VALUES (3, 3, NULL, NULL, 3);
INSERT INTO public.tbl_user_has_role (id, role_id, created_at, updated_at, user_id) VALUES (4, 4, NULL, NULL, 4);
INSERT INTO public.tbl_user_has_role (id, role_id, created_at, updated_at, user_id) VALUES (5, 5, NULL, NULL, 5);
INSERT INTO public.tbl_user_has_role (id, role_id, created_at, updated_at, user_id) VALUES (6, 6, NULL, NULL, 6);


--
-- Name: tbl_group_has_user_id_seq; Type: SEQUENCE SET; Schema: public; Owner: -
--

SELECT pg_catalog.setval('public.tbl_group_has_user_id_seq', 1, false);


--
-- Name: tbl_group_id_seq; Type: SEQUENCE SET; Schema: public; Owner: -
--

SELECT pg_catalog.setval('public.tbl_group_id_seq', 1, false);


--
-- Name: tbl_permission_id_seq; Type: SEQUENCE SET; Schema: public; Owner: -
--

SELECT pg_catalog.setval('public.tbl_permission_id_seq', 1, false);


--
-- Name: tbl_role_has_permission_id_seq; Type: SEQUENCE SET; Schema: public; Owner: -
--

SELECT pg_catalog.setval('public.tbl_role_has_permission_id_seq', 1, false);


--
-- Name: tbl_role_id_seq; Type: SEQUENCE SET; Schema: public; Owner: -
--

SELECT pg_catalog.setval('public.tbl_role_id_seq', 1, false);


--
-- Name: tbl_user_has_role_id_seq; Type: SEQUENCE SET; Schema: public; Owner: -
--

SELECT pg_catalog.setval('public.tbl_user_has_role_id_seq', 1, false);


--
-- Name: tbl_user_id_seq; Type: SEQUENCE SET; Schema: public; Owner: -
--

SELECT pg_catalog.setval('public.tbl_user_id_seq', 1, false);


--
-- Name: tbl_group_has_user tbl_group_has_user_pkey; Type: CONSTRAINT; Schema: public; Owner: -
--

ALTER TABLE ONLY public.tbl_group_has_user
    ADD CONSTRAINT tbl_group_has_user_pkey PRIMARY KEY (id);


--
-- Name: tbl_group tbl_group_pkey; Type: CONSTRAINT; Schema: public; Owner: -
--

ALTER TABLE ONLY public.tbl_group
    ADD CONSTRAINT tbl_group_pkey PRIMARY KEY (id);


--
-- Name: tbl_group tbl_group_role_id_key; Type: CONSTRAINT; Schema: public; Owner: -
--

ALTER TABLE ONLY public.tbl_group
    ADD CONSTRAINT tbl_group_role_id_key UNIQUE (role_id);


--
-- Name: tbl_permission tbl_permission_pkey; Type: CONSTRAINT; Schema: public; Owner: -
--

ALTER TABLE ONLY public.tbl_permission
    ADD CONSTRAINT tbl_permission_pkey PRIMARY KEY (id);


--
-- Name: tbl_role_has_permission tbl_role_has_permission_pkey; Type: CONSTRAINT; Schema: public; Owner: -
--

ALTER TABLE ONLY public.tbl_role_has_permission
    ADD CONSTRAINT tbl_role_has_permission_pkey PRIMARY KEY (id);


--
-- Name: tbl_role tbl_role_pkey; Type: CONSTRAINT; Schema: public; Owner: -
--

ALTER TABLE ONLY public.tbl_role
    ADD CONSTRAINT tbl_role_pkey PRIMARY KEY (id);


--
-- Name: tbl_user_has_role tbl_user_has_role_pkey; Type: CONSTRAINT; Schema: public; Owner: -
--

ALTER TABLE ONLY public.tbl_user_has_role
    ADD CONSTRAINT tbl_user_has_role_pkey PRIMARY KEY (id);


--
-- Name: tbl_user tbl_user_pkey; Type: CONSTRAINT; Schema: public; Owner: -
--

ALTER TABLE ONLY public.tbl_user
    ADD CONSTRAINT tbl_user_pkey PRIMARY KEY (id);


--
-- Name: tbl_user tbl_user_username_key; Type: CONSTRAINT; Schema: public; Owner: -
--

ALTER TABLE ONLY public.tbl_user
    ADD CONSTRAINT tbl_user_username_key UNIQUE (username);


--
-- Name: tbl_role_has_permission fk7qnieb63nch1w822p22wu7il9; Type: FK CONSTRAINT; Schema: public; Owner: -
--

ALTER TABLE ONLY public.tbl_role_has_permission
    ADD CONSTRAINT fk7qnieb63nch1w822p22wu7il9 FOREIGN KEY (role_id) REFERENCES public.tbl_role(id);


--
-- Name: tbl_group fke17sm3r6jxwtd4dsbummwt6y0; Type: FK CONSTRAINT; Schema: public; Owner: -
--

ALTER TABLE ONLY public.tbl_group
    ADD CONSTRAINT fke17sm3r6jxwtd4dsbummwt6y0 FOREIGN KEY (role_id) REFERENCES public.tbl_role(id);


--
-- Name: tbl_role_has_permission fkimpu2q9vas7utdl3gti0w2ied; Type: FK CONSTRAINT; Schema: public; Owner: -
--

ALTER TABLE ONLY public.tbl_role_has_permission
    ADD CONSTRAINT fkimpu2q9vas7utdl3gti0w2ied FOREIGN KEY (permission_id) REFERENCES public.tbl_permission(id);


--
-- Name: tbl_group_has_user fkk23xt6t0rhoc1s185sekeayf9; Type: FK CONSTRAINT; Schema: public; Owner: -
--

ALTER TABLE ONLY public.tbl_group_has_user
    ADD CONSTRAINT fkk23xt6t0rhoc1s185sekeayf9 FOREIGN KEY (group_id) REFERENCES public.tbl_group(id);


--
-- Name: tbl_user_has_role fklndw06guu8xedftiuosbtbr0a; Type: FK CONSTRAINT; Schema: public; Owner: -
--

ALTER TABLE ONLY public.tbl_user_has_role
    ADD CONSTRAINT fklndw06guu8xedftiuosbtbr0a FOREIGN KEY (user_id) REFERENCES public.tbl_user(id);


--
-- Name: tbl_user_has_role fknbcb2rhv9gavk1vtounetntw0; Type: FK CONSTRAINT; Schema: public; Owner: -
--

ALTER TABLE ONLY public.tbl_user_has_role
    ADD CONSTRAINT fknbcb2rhv9gavk1vtounetntw0 FOREIGN KEY (role_id) REFERENCES public.tbl_role(id);


--
-- Name: tbl_group_has_user fkqpbvdln7wyp9dnjvrx0mrrnk1; Type: FK CONSTRAINT; Schema: public; Owner: -
--

ALTER TABLE ONLY public.tbl_group_has_user
    ADD CONSTRAINT fkqpbvdln7wyp9dnjvrx0mrrnk1 FOREIGN KEY (user_id) REFERENCES public.tbl_user(id);


--
-- PostgreSQL database dump complete
--

